,sepal_length,sepal_width,petal_length,petal_width
mean,5.843333333333335,3.057333333333334,3.7580000000000027,1.199333333333334
min,4.3,2.0,1.0,0.1
max,7.9,4.4,6.9,2.5
